macro,estimate,se,lo,hi,outcome
Centre,0.27669990633603503,0.03493576338189195,0.2082258101075268,0.3451740025645432,log Population
North,0.07293389187499782,0.1595811574933936,-0.23984517681205364,0.3857129605620493,log Population
South,0.12251367419017331,0.013002783648373163,0.09702821823936192,0.1479991301409847,log Population
Centre,0.3948561059008558,0.19435540322919598,0.01391951557163168,0.7757926962300798,log Local units
North,-0.19936880426610876,0.18773253681324714,-0.5673245764200732,0.16858696788785565,log Local units
South,0.15927288870556516,0.04349525006361683,0.07402219858087618,0.24452357883025416,log Local units
Centre,0.37612585541085397,0.19153494900889212,7.173553534254307e-4,0.7515343554682825,log Employees
North,-0.4838943215660195,0.2193077454951157,-0.9137375027364463,-0.05405114039559278,log Employees
South,0.1192669895903753,0.31081611433376793,-0.4899325945038099,0.7284665736845605,log Employees
