cohort,ring,outcome,pre_year,post_year,estimate,se,lo,hi,p,n_tr,n_ct
A,R0 inner (casello),lP1,1951,1961,0.26688025651846486,0.05133692711589976,0.16625987937130132,0.3675006336656284,1.2254250459949887e-6,19,90
A,R0 inner (casello),lP1,1951,1971,0.6776821914646525,0.08377819796481116,0.5134769234536226,0.8418874594756823,2.5049036216724548e-12,19,90
A,R0 inner (casello),lP1,1951,1981,0.8413595119776206,0.1116027316230975,0.6226181579963495,1.0601008659588917,3.413338777187978e-11,19,90
A,R0 inner (casello),lP1,1951,1991,0.9317160288010291,0.1258504113316043,0.6850492225910847,1.1783828350109735,6.461648135188502e-11,19,90
B,R0 inner (casello),lP1,1961,1971,0.20951014872276189,0.06228465230675513,0.08743223020152183,0.3315880672440019,0.00106487335485809,34,90
B,R0 inner (casello),lP1,1961,1981,0.3410649511440006,0.09075013786684853,0.16319468092497746,0.5189352213630237,2.7790113960873293e-4,34,90
B,R0 inner (casello),lP1,1961,1991,0.37814261139050426,0.10685140529196523,0.16871385701825242,0.5875713657627561,5.937478488249592e-4,34,90
B,R0 inner (casello),lP1,1961,1951,-0.12638612383329711,0.04196953849212794,-0.20864641927786787,-0.04412582838872635,0.0032581757816146787,34,90
Spillover,R1 0-15 min (donut),lP1,1951,1961,0.10613973133912484,0.029420616741059797,0.048475322526647636,0.16380414015160205,3.803296364053097e-4,159,90
Spillover,R2 15-30 min (donut),lP1,1951,1961,0.06920707040286889,0.030162636449438632,0.010088302961969171,0.1283258378437686,0.022189382080813527,421,90
Spillover,R3 30-45 min (near control),lP1,1951,1961,0.012069489800200653,0.020780090634573672,-0.028659487843563744,0.05279846744396505,0.5617043516429755,320,90
Spillover,R4 45-60 min (control),lP1,1951,1961,-0.025232429868848362,0.029334206514569736,-0.08272747463740504,0.03226261489970832,0.3907095835171239,135,90
Spillover,R1 0-15 min (donut),lP1,1951,1971,0.32522115156647635,0.06738206408642619,0.19315230595708102,0.4572899971758717,2.55761512940758e-6,159,90
Spillover,R2 15-30 min (donut),lP1,1951,1971,0.23724730906616032,0.06774504765267868,0.1044670156669101,0.37002760246541055,5.042695370019806e-4,421,90
Spillover,R3 30-45 min (near control),lP1,1951,1971,0.1026925892005496,0.0457471324067636,0.013028209683292949,0.19235696871780628,0.025353423631632076,320,90
Spillover,R4 45-60 min (control),lP1,1951,1971,1.3596067357688382e-4,0.07016359300361559,-0.13738468161350967,0.13765660296066343,0.9984557897462201,135,90
Spillover,R1 0-15 min (donut),lP1,1951,1981,0.5000942313965824,0.0908185487932813,0.322089875761751,0.6780985870314138,9.913227202474082e-8,159,90
Spillover,R2 15-30 min (donut),lP1,1951,1981,0.3794424306536023,0.09458807942846723,0.19404979497380653,0.5648350663333981,6.983136293518755e-5,421,90
Spillover,R3 30-45 min (near control),lP1,1951,1981,0.20001082186200939,0.06744854899507509,0.0678116658316622,0.33220997789235657,0.0032128614582544873,320,90
Spillover,R4 45-60 min (control),lP1,1951,1981,0.04336441533263624,0.09836454281413962,-0.1494300885830774,0.2361589192483499,0.6597877292647958,135,90
Spillover,R1 0-15 min (donut),lP1,1951,1991,0.6036050519201136,0.11239797843152616,0.38330501419432234,0.8239050896459048,1.9490072684225162e-7,159,90
Spillover,R2 15-30 min (donut),lP1,1951,1991,0.49223405606856435,0.11309807481357129,0.2705618294339647,0.713906282703164,1.643429350922026e-5,421,90
Spillover,R3 30-45 min (near control),lP1,1951,1991,0.2819736269981021,0.08385234629539426,0.11762302825912935,0.4463242257370748,8.497288049973104e-4,320,90
Spillover,R4 45-60 min (control),lP1,1951,1991,0.08093333887910957,0.11657813671243154,-0.14755980907725624,0.3094264868354754,0.4883247217775373,135,90
A,R0 inner (casello),lUT,1951,1961,0.17414362833448985,0.05580765972854878,0.06476061526653425,0.28352664140244543,0.0024055438872839854,19,90
A,R0 inner (casello),lUT,1951,1971,0.3807373717281232,0.06594818575758114,0.2514789276432642,0.5099958158129823,1.0190535018703521e-7,19,90
A,R0 inner (casello),lUT,1951,1981,0.5441651705447489,0.13097870415103288,0.28744691040872444,0.8008834306807733,7.230933068563246e-5,19,90
A,R0 inner (casello),lUT,1951,1991,0.6091567857856813,0.13978317966572243,0.3351817536408654,0.8831318179304972,3.3821796252493526e-5,19,90
B,R0 inner (casello),lUT,1961,1971,0.20135809220194095,0.08783684499517856,0.029197876011390983,0.3735183083924909,0.023820071458365465,34,90
B,R0 inner (casello),lUT,1961,1981,0.3702628828582316,0.1311035443850862,0.11329993586346265,0.6272258298530006,0.005645858839837401,34,90
B,R0 inner (casello),lUT,1961,1991,0.7272326256515432,0.10413333780632733,0.5231312835511417,0.9313339677519448,2.453952214438018e-10,34,90
B,R0 inner (casello),lUT,1961,1951,-0.10318186298931062,0.06108824326615729,-0.2229148197909789,0.01655109381235767,0.09409260193964243,34,90
Spillover,R1 0-15 min (donut),lUT,1951,1961,0.13217006500735753,0.07050998159966995,-0.0060294989279955635,0.27036962894271066,0.062119921464003754,159,90
Spillover,R2 15-30 min (donut),lUT,1951,1961,0.030287684467144856,0.04138365171460199,-0.050824272893475034,0.11139964182776475,0.4645915591050992,421,90
Spillover,R3 30-45 min (near control),lUT,1951,1961,0.020968198156265522,0.043899833233249766,-0.06507547498090402,0.10701187129343506,0.6331739095676479,320,90
Spillover,R4 45-60 min (control),lUT,1951,1961,-0.04834572533825626,0.04435308368170427,-0.13527776935439662,0.038586318677884104,0.2769657381907925,135,90
Spillover,R1 0-15 min (donut),lUT,1951,1971,0.253822442728969,0.059898355690437124,0.13642166557571223,0.37122321988222573,3.261806236725534e-5,159,90
Spillover,R2 15-30 min (donut),lUT,1951,1971,0.11670919644668232,0.0409806550016028,0.03638711264354083,0.1970312802498238,0.004584148717911206,421,90
Spillover,R3 30-45 min (near control),lUT,1951,1971,0.04766699815277781,0.05228485156012516,-0.0548113109050675,0.15014530721062314,0.36249662542591254,320,90
Spillover,R4 45-60 min (control),lUT,1951,1971,-0.032383395750246756,0.06215757606050446,-0.1542122448288355,0.089445453328342,0.6029288318817101,135,90
Spillover,R1 0-15 min (donut),lUT,1951,1981,0.47589210664276727,0.08322627168147058,0.3127686141470849,0.6390155991384496,3.299444901148138e-8,159,90
Spillover,R2 15-30 min (donut),lUT,1951,1981,0.29918190744415396,0.04789030096517398,0.20531691755241296,0.39304689733589493,9.024114615395828e-10,421,90
Spillover,R3 30-45 min (near control),lUT,1951,1981,0.17441206060354064,0.06894143768541708,0.039286842740123173,0.3095372784669581,0.011800726037843639,320,90
Spillover,R4 45-60 min (control),lUT,1951,1981,0.06157431479376244,0.05856514560330293,-0.05321337058871129,0.17636200017623618,0.2943033153806609,135,90
Spillover,R1 0-15 min (donut),lUT,1951,1991,0.5680490305447152,0.08162112171385873,0.40807163198555213,0.7280264291038783,3.463437898503211e-11,159,90
Spillover,R2 15-30 min (donut),lUT,1951,1991,0.39712824235573596,0.05622664826811078,0.28692401175023885,0.5073324729612331,5.565314767174198e-12,421,90
Spillover,R3 30-45 min (near control),lUT,1951,1991,0.22865985318254983,0.07086712364843141,0.08976029083162426,0.3675594155334754,0.00135768899592275,320,90
Spillover,R4 45-60 min (control),lUT,1951,1991,0.054337479746669026,0.08096635640824808,-0.10435657881349719,0.21303153830683524,0.5028938689283196,135,90
A,R0 inner (casello),lAT,1951,1961,0.3381716942711336,0.08044294887615161,0.18050351447387644,0.4958398740683907,6.026563355436642e-5,19,90
A,R0 inner (casello),lAT,1951,1971,0.6587048938056215,0.1335926736902394,0.3968632533727523,0.9205465342384906,3.5672835470479593e-6,19,90
A,R0 inner (casello),lAT,1951,1981,0.6354273021853937,0.14857069032588216,0.3442287491466646,0.9266258552241227,4.588801862872893e-5,19,90
A,R0 inner (casello),lAT,1951,1991,0.7582282470092213,0.16107847135009343,0.4425144431630382,1.0739420508554045,8.735532864958662e-6,19,90
B,R0 inner (casello),lAT,1961,1971,0.2477114812890412,0.1771559848301149,-0.099514248977984,0.5949372115560664,0.16489752125994125,34,90
B,R0 inner (casello),lAT,1961,1981,0.4164936156894947,0.2567728248178976,-0.08678112095358459,0.919768352332574,0.10771238006551534,34,90
B,R0 inner (casello),lAT,1961,1991,0.6775808790939332,0.12663091948962327,0.42938427689427155,0.9257774812935948,4.953587586216575e-7,34,90
B,R0 inner (casello),lAT,1961,1951,-0.3708447555781022,0.14596506375903115,-0.6569362805458032,-0.08475323061040113,0.012486119640367352,34,90
Spillover,R1 0-15 min (donut),lAT,1951,1961,0.3093073983105362,0.10263971334852706,0.10813356014742317,0.5104812364736493,0.0028689577363512487,159,90
Spillover,R2 15-30 min (donut),lAT,1951,1961,0.14550566597230635,0.06092617810722138,0.026090356882152443,0.26492097506246026,0.017304437719301194,421,90
Spillover,R3 30-45 min (near control),lAT,1951,1961,0.09572288004825624,0.04919146487059002,-6.923910981001952e-4,0.1921381511946127,0.05237628380783404,320,90
Spillover,R4 45-60 min (control),lAT,1951,1961,0.03221805871429796,0.06587944555080255,-0.09690565456527504,0.16134177199387095,0.6253246283773511,135,90
Spillover,R1 0-15 min (donut),lAT,1951,1971,0.5534616422824151,0.0988003190747605,0.3598130168958845,0.7471102676689457,5.98182414176619e-8,159,90
Spillover,R2 15-30 min (donut),lAT,1951,1971,0.36579143836833417,0.0790922949277508,0.2107705403099426,0.5208123364267258,4.793235246902462e-6,421,90
Spillover,R3 30-45 min (near control),lAT,1951,1971,0.23735002458808607,0.06943345825515902,0.10126044640797438,0.37343960276819776,6.958235787436835e-4,320,90
Spillover,R4 45-60 min (control),lAT,1951,1971,0.113437442188282,0.08954962651673472,-0.06207982578451804,0.28895471016108204,0.20665951422485737,135,90
Spillover,R1 0-15 min (donut),lAT,1951,1981,0.7676713644213442,0.14296776984454523,0.48745453552603557,1.0478881933166528,1.9137511178716377e-7,159,90
Spillover,R2 15-30 min (donut),lAT,1951,1981,0.5368174031204576,0.08007347520669189,0.37987339171534146,0.6937614145255737,5.550602753947783e-11,421,90
Spillover,R3 30-45 min (near control),lAT,1951,1981,0.3476196359260282,0.08387424194594385,0.18322612171197822,0.5120131501400782,4.172932572376029e-5,320,90
Spillover,R4 45-60 min (control),lAT,1951,1981,0.17469571085353003,0.08495001197010407,0.008193687392126059,0.341197734314934,0.040987132980743926,135,90
Spillover,R1 0-15 min (donut),lAT,1951,1991,0.81439266286801,0.13709424962819114,0.5456879335967555,1.0830973921392646,1.0325424035655588e-8,159,90
Spillover,R2 15-30 min (donut),lAT,1951,1991,0.6124532096930109,0.09181785642927477,0.4324902110916323,0.7924162082943894,6.857308862277484e-11,421,90
Spillover,R3 30-45 min (near control),lAT,1951,1991,0.40556877448633427,0.08880363847158172,0.2315136430820341,0.5796239058906345,6.629177848630986e-6,320,90
Spillover,R4 45-60 min (control),lAT,1951,1991,0.18103634855421988,0.09842881446439067,-0.011884127795985827,0.3739568249044256,0.06730213538118986,135,90
