term,estimate,std.error,statistic,p.value,conf.low,conf.high,event_time,outcome,sample
Em2,-0.060151649738121836,0.05718655012300369,-1.0518495976543514,0.2929222014335943,-0.17223728797920906,0.0519339885029654,-2,log Pop,tight (n_ctrl=1141)
E0,0.12985525618042743,0.03831751233633797,3.388927105721336,7.073935077507532e-4,0.05475293200120501,0.20495758035964984,0,log Pop,tight (n_ctrl=1141)
E1,0.23640592212487693,0.05119354154737816,4.617885674232755,3.979331530160601e-6,0.13606658069201574,0.33674526355773815,1,log Pop,tight (n_ctrl=1141)
E2,0.2270550612971995,0.07207516423918138,3.1502538175801784,0.0016414443161218743,0.08578773938840398,0.368322383205995,2,log Pop,tight (n_ctrl=1141)
E3,0.22271219927308564,0.09885145749577466,2.2529986397277484,0.024304790069499375,0.02896334258136732,0.416461055964804,3,log Pop,tight (n_ctrl=1141)
ref,0,NA,NA,NA,0,0,-1,log Pop,tight (n_ctrl=1141)
Em2,0.002305138868955795,0.05140355776048009,0.04484395573739886,0.9642335685718981,-0.09844583434158519,0.10305611207949678,-2,log Units,tight (n_ctrl=1141)
E0,0.13066272108989674,0.042421678091704156,3.0800931732931307,0.002081156904943916,0.04751623203015659,0.21380921014963689,0,log Units,tight (n_ctrl=1141)
E1,0.1944669340966674,0.0633287878104328,3.070750930505429,0.0021472507351813644,0.07034250998821912,0.3185913582051157,1,log Units,tight (n_ctrl=1141)
E2,0.3455047273300701,0.11394939115260286,3.0320892795939964,0.002441745526779314,0.12216392067096848,0.5688455339891717,2,log Units,tight (n_ctrl=1141)
E3,0.2442671374668058,0.09517441905629254,2.5665209190542035,0.010302734323694648,0.057725276116472435,0.4308089988171392,3,log Units,tight (n_ctrl=1141)
ref,0,NA,NA,NA,0,0,-1,log Units,tight (n_ctrl=1141)
Em2,-0.04016288177838673,0.09967940812363532,-0.40292054833001734,0.6870247580742725,-0.23553452170071196,0.1552087581439385,-2,log Emp,tight (n_ctrl=1141)
E0,0.23113711396044218,0.08051551493977875,2.870715217226397,0.004113501185154549,0.07332670467847582,0.38894752324240855,0,log Emp,tight (n_ctrl=1141)
E1,0.2903876153649395,0.11786346574915539,2.4637627403809854,0.013783793452309897,0.05937522249659494,0.5214000082332841,1,log Emp,tight (n_ctrl=1141)
E2,0.3907919418969837,0.10173643131869374,3.84121928429759,1.2401624361455083e-4,0.19138853651234397,0.5901953472816234,2,log Emp,tight (n_ctrl=1141)
E3,0.2650586816505864,0.10017638069547478,2.645919924541252,0.008173689134065756,0.06871297548745581,0.46140438781371695,3,log Emp,tight (n_ctrl=1141)
ref,0,NA,NA,NA,0,0,-1,log Emp,tight (n_ctrl=1141)
Em2,-0.09893171845600114,0.062204332821595744,-1.5904313086958244,0.1118678034033937,-0.2208522107863288,0.022988773874326518,-2,log Pop,donut30 (n_ctrl=554)
E0,0.1760001445702863,0.04564904207472977,3.8555057580872174,1.1849069815725015e-4,0.08652802210381594,0.26547226703675664,0,log Pop,donut30 (n_ctrl=554)
E1,0.3265864249834033,0.06495934685143112,5.027550934746017,5.330340464603338e-7,0.1992661051545983,0.4539067448122083,1,log Pop,donut30 (n_ctrl=554)
E2,0.3520157376872476,0.08832004685035931,3.9856833215189296,6.92705084996006e-5,0.17890844586054333,0.5251230295139518,2,log Pop,donut30 (n_ctrl=554)
E3,0.3848050853321547,0.11923669760755702,3.227237025623279,0.0012665535461526124,0.1511011580213429,0.6185090126429664,3,log Pop,donut30 (n_ctrl=554)
ref,0,NA,NA,NA,0,0,-1,log Pop,donut30 (n_ctrl=554)
Em2,-0.022680138990698238,0.06000728470216711,-0.3779564281781136,0.7054957979448526,-0.14029441700694578,0.0949341390255493,-2,log Units,donut30 (n_ctrl=554)
E0,0.15227469486407993,0.04898915312154679,3.108334910102892,0.0019031083187115608,0.05625595474584823,0.24829343498231166,0,log Units,donut30 (n_ctrl=554)
E1,0.247179921882839,0.07646074305973508,3.2327690261881092,0.0012422851909182802,0.09731686548575824,0.39704297827991974,1,log Units,donut30 (n_ctrl=554)
E2,0.43686640864221005,0.13420703919367907,3.255167622107751,0.0011487307909423907,0.17382061182259906,0.699912205461821,2,log Units,donut30 (n_ctrl=554)
E3,0.36912164120924223,0.12180738075656247,3.0303717140667232,0.0024681423186226807,0.1303791749263798,0.6078641074921047,3,log Units,donut30 (n_ctrl=554)
ref,0,NA,NA,NA,0,0,-1,log Units,donut30 (n_ctrl=554)
Em2,-0.09317808737110828,0.0991356988125588,-0.9399044792863678,0.34735948028138586,-0.28748405704372354,0.10112788230150699,-2,log Emp,donut30 (n_ctrl=554)
E0,0.2901779405374153,0.08007001494131401,3.6240525338991936,2.9594288245927215e-4,0.13324071125243986,0.44711516982239075,0,log Emp,donut30 (n_ctrl=554)
E1,0.4081768775104909,0.11841644612155874,3.446961050422698,5.765155467368369e-4,0.17608064311223579,0.640273111908746,1,log Emp,donut30 (n_ctrl=554)
E2,0.5414239175978754,0.09924158324143148,5.455615478047323,5.3715508206547937e-8,0.34691041444466975,0.7359374207510812,2,log Emp,donut30 (n_ctrl=554)
E3,0.45349834510325854,0.10336066962723257,4.387532963348515,1.1951067137456931e-5,0.2509114326338827,0.6560852575726344,3,log Emp,donut30 (n_ctrl=554)
ref,0,NA,NA,NA,0,0,-1,log Emp,donut30 (n_ctrl=554)
Em2,-0.15803593770111968,0.04838944854686318,-3.26591731145827,0.0011230949860335504,-0.2528792568529715,-0.06319261854926785,-2,log Pop,donut45 (n_ctrl=234)
E0,0.24587644994660005,0.03805314321445337,6.461396593730294,1.5251251118074331e-10,0.17129228924627143,0.32046061064692866,0,log Pop,donut45 (n_ctrl=234)
E1,0.4676921387432687,0.05700153552144542,8.204904209419254,6.09349037082154e-16,0.3559691291212357,0.5794151483653017,1,log Pop,donut45 (n_ctrl=234)
E2,0.5510013384743199,0.07558975095857239,7.289365707479323,5.755874532956394e-13,0.40284542659551803,0.6991572503531217,2,log Pop,donut45 (n_ctrl=234)
E3,0.6432897058319558,0.09317570191970115,6.904050010659893,8.314855049817233e-12,0.4606653300693415,0.82591408159457,3,log Pop,donut45 (n_ctrl=234)
ref,0,NA,NA,NA,0,0,-1,log Pop,donut45 (n_ctrl=234)
Em2,-0.06487579138629891,0.06222287073679063,-1.0426357803504505,0.29733369162913487,-0.18683261803040854,0.05708103525781072,-2,log Units,donut45 (n_ctrl=234)
E0,0.18918455711794296,0.051200909176219694,3.694945268780694,2.3016282099049996e-4,0.08883077513255236,0.2895383391033336,0,log Units,donut45 (n_ctrl=234)
E1,0.3394988675513648,0.07982413003808143,4.253085719686531,2.277631973856599e-5,0.18304357267672522,0.49595416242600443,1,log Units,donut45 (n_ctrl=234)
E2,0.5900754747452354,0.11006391123158,5.361207576057214,9.964154889191458e-8,0.37435020873133856,0.8058007407591321,2,log Units,donut45 (n_ctrl=234)
E3,0.5749344617031533,0.10625494433580067,5.41089607920899,7.609736888642463e-8,0.366674770804984,0.7831941526013226,3,log Units,donut45 (n_ctrl=234)
ref,0,NA,NA,NA,0,0,-1,log Units,donut45 (n_ctrl=234)
Em2,-0.1203450138767635,0.09839256351386523,-1.223110869144138,0.22153559923487523,-0.31319443836393934,0.07250441061041235,-2,log Emp,donut45 (n_ctrl=234)
E0,0.352721818486616,0.08179678985650882,4.312171897031346,1.7535507219688885e-5,0.1924001103678587,0.5130435266053732,0,log Emp,donut45 (n_ctrl=234)
E1,0.54778262050385,0.13444791032261819,4.074311152842785,4.9280721005576257e-5,0.28426471627151834,0.8113005247361815,1,log Emp,donut45 (n_ctrl=234)
E2,0.7232829403351522,0.11627439652449634,6.220483287417219,6.901405359577632e-10,0.49538512314713934,0.951180757523165,2,log Emp,donut45 (n_ctrl=234)
E3,0.677096623717821,0.13833442886867595,4.894635625095213,1.1235688927705537e-6,0.40596114313521614,0.9482321043004258,3,log Emp,donut45 (n_ctrl=234)
ref,0,NA,NA,NA,0,0,-1,log Emp,donut45 (n_ctrl=234)
