PRO_COM,dist_romita_km
6008,74.03226326279925
20038,49.364654825153295
20039,49.364654825153295
20040,49.364654825153295
20041,49.364654825153295
20042,49.364654825153295
20043,49.364654825153295
20044,49.364654825153295
20045,49.364654825153295
20046,49.364654825153295
20047,49.364654825153295
20048,49.364654825153295
20049,49.364654825153295
20050,49.364654825153295
20051,49.364654825153295
20052,49.364654825153295
20053,49.364654825153295
20054,49.364654825153295
20055,49.364654825153295
20056,49.364654825153295
20057,49.364654825153295
20058,49.364654825153295
36025,0
36026,0
36027,0
36028,0
36029,0
36030,0
36031,0
36032,0
36033,0
36034,0
36035,0
36036,0
36037,0
36038,0
36039,0
36040,0
36041,0
36042,0
36043,0
36044,0
36045,0
36046,0
54025,50.92779937912781
54026,50.92779937912781
54027,50.92779937912781
54028,50.92779937912781
54029,50.92779937912781
54030,50.92779937912781
54031,50.92779937912781
54032,50.92779937912781
54033,50.92779937912781
54034,50.92779937912781
54035,50.92779937912781
54036,50.92779937912781
54037,50.92779937912781
54038,50.92779937912781
54039,50.92779937912781
54040,50.92779937912781
54041,50.92779937912781
54042,50.92779937912781
54043,50.92779937912781
54044,50.92779937912781
54045,50.92779937912781
54046,50.92779937912781
54047,50.92779937912781
61100,0
61101,0
61102,0
61103,0
61104,0
62001,38.06655181090815
62002,38.06655181090815
62003,38.06655181090815
62004,38.06655181090815
62005,38.06655181090815
62006,38.06655181090815
62007,38.06655181090815
62008,38.06655181090815
62009,38.06655181090815
62010,38.06655181090815
62011,38.06655181090815
62012,38.06655181090815
62013,38.06655181090815
62014,38.06655181090815
62015,38.06655181090815
62016,38.06655181090815
62017,38.06655181090815
12001,32.888691818643316
6006,74.03226326279925
6040,74.03226326279925
6053,74.03226326279925
6086,74.03226326279925
6087,74.03226326279925
6096,74.03226326279925
6132,74.03226326279925
6151,74.03226326279925
6174,74.03226326279925
6181,74.03226326279925
12002,32.888691818643316
12003,32.888691818643316
12004,32.888691818643316
12005,32.888691818643316
12006,32.888691818643316
12007,32.888691818643316
12008,32.888691818643316
12009,32.888691818643316
12010,32.888691818643316
12011,32.888691818643316
12012,32.888691818643316
12013,32.888691818643316
12014,32.888691818643316
12015,32.888691818643316
12016,32.888691818643316
12017,32.888691818643316
12018,32.888691818643316
12019,32.888691818643316
12020,32.888691818643316
12021,32.888691818643316
12022,32.888691818643316
12023,32.888691818643316
12024,32.888691818643316
12025,32.888691818643316
12026,32.888691818643316
12027,32.888691818643316
12028,32.888691818643316
12029,32.888691818643316
12030,32.888691818643316
12031,32.888691818643316
12032,32.888691818643316
12033,32.888691818643316
12034,32.888691818643316
12035,32.888691818643316
12036,32.888691818643316
12037,32.888691818643316
12038,32.888691818643316
12039,32.888691818643316
12040,32.888691818643316
12041,32.888691818643316
12042,32.888691818643316
12043,32.888691818643316
12044,32.888691818643316
12045,32.888691818643316
12046,32.888691818643316
12047,32.888691818643316
12048,32.888691818643316
12049,32.888691818643316
12050,32.888691818643316
12051,32.888691818643316
12052,32.888691818643316
12053,32.888691818643316
12054,32.888691818643316
12055,32.888691818643316
12056,32.888691818643316
12057,32.888691818643316
12058,32.888691818643316
12059,32.888691818643316
12060,32.888691818643316
12061,32.888691818643316
12062,32.888691818643316
12063,32.888691818643316
12064,32.888691818643316
12065,32.888691818643316
12066,32.888691818643316
12067,32.888691818643316
12068,32.888691818643316
12069,32.888691818643316
12070,32.888691818643316
12071,32.888691818643316
12072,32.888691818643316
12073,32.888691818643316
12074,32.888691818643316
12075,32.888691818643316
12076,32.888691818643316
12077,32.888691818643316
12078,32.888691818643316
12079,32.888691818643316
12080,32.888691818643316
12081,32.888691818643316
12082,32.888691818643316
12083,32.888691818643316
12084,32.888691818643316
12085,32.888691818643316
12086,32.888691818643316
12087,32.888691818643316
12088,32.888691818643316
12089,32.888691818643316
12090,32.888691818643316
12091,32.888691818643316
12092,32.888691818643316
12093,32.888691818643316
12094,32.888691818643316
12095,32.888691818643316
12096,32.888691818643316
12097,32.888691818643316
12098,32.888691818643316
12099,32.888691818643316
12100,32.888691818643316
12101,32.888691818643316
12102,32.888691818643316
12103,32.888691818643316
12104,32.888691818643316
12105,32.888691818643316
12106,32.888691818643316
12107,32.888691818643316
12108,32.888691818643316
12109,32.888691818643316
12110,32.888691818643316
12111,32.888691818643316
12112,32.888691818643316
12113,32.888691818643316
12114,32.888691818643316
12115,32.888691818643316
12116,32.888691818643316
12117,32.888691818643316
12118,32.888691818643316
12119,32.888691818643316
12120,32.888691818643316
12121,32.888691818643316
12122,32.888691818643316
12123,32.888691818643316
12124,32.888691818643316
12125,32.888691818643316
12126,32.888691818643316
12127,32.888691818643316
12128,32.888691818643316
12129,32.888691818643316
12130,32.888691818643316
12131,32.888691818643316
12132,32.888691818643316
12133,32.888691818643316
12134,32.888691818643316
12135,32.888691818643316
12136,32.888691818643316
12137,32.888691818643316
12138,32.888691818643316
12139,32.888691818643316
12140,32.888691818643316
12141,32.888691818643316
13001,38.956659197399624
13002,38.956659197399624
13003,38.956659197399624
13004,38.956659197399624
13005,38.956659197399624
13006,38.956659197399624
13007,38.956659197399624
13008,38.956659197399624
13009,38.956659197399624
13010,38.956659197399624
13011,38.956659197399624
13012,38.956659197399624
13013,38.956659197399624
13014,38.956659197399624
13015,38.956659197399624
13016,38.956659197399624
13017,38.956659197399624
13018,38.956659197399624
13019,38.956659197399624
13020,38.956659197399624
13021,38.956659197399624
13022,38.956659197399624
13023,38.956659197399624
13024,38.956659197399624
13025,38.956659197399624
13026,38.956659197399624
13027,38.956659197399624
13028,38.956659197399624
13029,38.956659197399624
13030,38.956659197399624
13031,38.956659197399624
13032,38.956659197399624
13033,38.956659197399624
13034,38.956659197399624
13035,38.956659197399624
13036,38.956659197399624
13037,38.956659197399624
13038,38.956659197399624
13039,38.956659197399624
13040,38.956659197399624
13041,38.956659197399624
13042,38.956659197399624
13043,38.956659197399624
13044,38.956659197399624
13045,38.956659197399624
13046,38.956659197399624
13047,38.956659197399624
13048,38.956659197399624
13049,38.956659197399624
13050,38.956659197399624
13051,38.956659197399624
13052,38.956659197399624
13053,38.956659197399624
13054,38.956659197399624
13055,38.956659197399624
13056,38.956659197399624
13057,38.956659197399624
13058,38.956659197399624
13059,38.956659197399624
13060,38.956659197399624
13061,38.956659197399624
13062,38.956659197399624
13063,38.956659197399624
13064,38.956659197399624
13065,38.956659197399624
13066,38.956659197399624
13067,38.956659197399624
13068,38.956659197399624
13069,38.956659197399624
13070,38.956659197399624
13071,38.956659197399624
13072,38.956659197399624
13073,38.956659197399624
13074,38.956659197399624
13075,38.956659197399624
13076,38.956659197399624
13077,38.956659197399624
13078,38.956659197399624
13079,38.956659197399624
13080,38.956659197399624
13081,38.956659197399624
13082,38.956659197399624
13083,38.956659197399624
13084,38.956659197399624
13085,38.956659197399624
13086,38.956659197399624
13087,38.956659197399624
13088,38.956659197399624
13089,38.956659197399624
13090,38.956659197399624
13091,38.956659197399624
13092,38.956659197399624
13093,38.956659197399624
13094,38.956659197399624
13095,38.956659197399624
13096,38.956659197399624
13097,38.956659197399624
13098,38.956659197399624
13099,38.956659197399624
13100,38.956659197399624
13101,38.956659197399624
13102,38.956659197399624
13103,38.956659197399624
13104,38.956659197399624
13105,38.956659197399624
13106,38.956659197399624
13107,38.956659197399624
13108,38.956659197399624
13109,38.956659197399624
13110,38.956659197399624
13111,38.956659197399624
13112,38.956659197399624
13113,38.956659197399624
13114,38.956659197399624
13115,38.956659197399624
13116,38.956659197399624
13117,38.956659197399624
13118,38.956659197399624
13119,38.956659197399624
13120,38.956659197399624
13121,38.956659197399624
13122,38.956659197399624
13123,38.956659197399624
13124,38.956659197399624
13125,38.956659197399624
13126,38.956659197399624
13127,38.956659197399624
13128,38.956659197399624
13129,38.956659197399624
13130,38.956659197399624
13131,38.956659197399624
13132,38.956659197399624
13133,38.956659197399624
13134,38.956659197399624
13135,38.956659197399624
13136,38.956659197399624
13137,38.956659197399624
13138,38.956659197399624
13139,38.956659197399624
13140,38.956659197399624
13141,38.956659197399624
13142,38.956659197399624
13143,38.956659197399624
13144,38.956659197399624
13145,38.956659197399624
13146,38.956659197399624
13147,38.956659197399624
13148,38.956659197399624
13149,38.956659197399624
13150,38.956659197399624
13151,38.956659197399624
13152,38.956659197399624
13153,38.956659197399624
13154,38.956659197399624
13155,38.956659197399624
13156,38.956659197399624
13157,38.956659197399624
13158,38.956659197399624
13159,38.956659197399624
13160,38.956659197399624
13161,38.956659197399624
13162,38.956659197399624
13163,38.956659197399624
13164,38.956659197399624
13165,38.956659197399624
13166,38.956659197399624
13167,38.956659197399624
13168,38.956659197399624
13169,38.956659197399624
13170,38.956659197399624
13171,38.956659197399624
13172,38.956659197399624
13173,38.956659197399624
13174,38.956659197399624
13175,38.956659197399624
13176,38.956659197399624
13177,38.956659197399624
13178,38.956659197399624
13179,38.956659197399624
13180,38.956659197399624
13181,38.956659197399624
13182,38.956659197399624
13183,38.956659197399624
13184,38.956659197399624
13185,38.956659197399624
13186,38.956659197399624
13187,38.956659197399624
13188,38.956659197399624
13189,38.956659197399624
13190,38.956659197399624
13191,38.956659197399624
13192,38.956659197399624
13193,38.956659197399624
13194,38.956659197399624
13195,38.956659197399624
13196,38.956659197399624
13197,38.956659197399624
13198,38.956659197399624
13199,38.956659197399624
13200,38.956659197399624
13201,38.956659197399624
13202,38.956659197399624
13203,38.956659197399624
13204,38.956659197399624
13205,38.956659197399624
13206,38.956659197399624
13207,38.956659197399624
13208,38.956659197399624
13209,38.956659197399624
13210,38.956659197399624
13211,38.956659197399624
13212,38.956659197399624
13213,38.956659197399624
13214,38.956659197399624
13215,38.956659197399624
13216,38.956659197399624
13217,38.956659197399624
13218,38.956659197399624
13219,38.956659197399624
13220,38.956659197399624
13221,38.956659197399624
13222,38.956659197399624
13223,38.956659197399624
13224,38.956659197399624
13225,38.956659197399624
13226,38.956659197399624
13227,38.956659197399624
13228,38.956659197399624
13229,38.956659197399624
13230,38.956659197399624
13231,38.956659197399624
13232,38.956659197399624
13233,38.956659197399624
13234,38.956659197399624
13235,38.956659197399624
13236,38.956659197399624
13237,38.956659197399624
13238,38.956659197399624
13239,38.956659197399624
13240,38.956659197399624
13241,38.956659197399624
13242,38.956659197399624
13243,38.956659197399624
13244,38.956659197399624
13245,38.956659197399624
13246,38.956659197399624
13247,38.956659197399624
14001,94.75804502385554
14002,94.75804502385554
14003,94.75804502385554
14004,94.75804502385554
14005,94.75804502385554
14006,94.75804502385554
14007,94.75804502385554
14008,94.75804502385554
14009,94.75804502385554
14010,94.75804502385554
14011,94.75804502385554
14012,94.75804502385554
14013,94.75804502385554
14014,94.75804502385554
14015,94.75804502385554
14016,94.75804502385554
14017,94.75804502385554
14018,94.75804502385554
14019,94.75804502385554
14020,94.75804502385554
14021,94.75804502385554
14022,94.75804502385554
14023,94.75804502385554
14024,94.75804502385554
14025,94.75804502385554
14026,94.75804502385554
14027,94.75804502385554
14028,94.75804502385554
14029,94.75804502385554
14030,94.75804502385554
14031,94.75804502385554
14032,94.75804502385554
14033,94.75804502385554
14034,94.75804502385554
14035,94.75804502385554
14036,94.75804502385554
14037,94.75804502385554
14038,94.75804502385554
14039,94.75804502385554
14040,94.75804502385554
14041,94.75804502385554
14042,94.75804502385554
14043,94.75804502385554
14044,94.75804502385554
14045,94.75804502385554
14046,94.75804502385554
14047,94.75804502385554
14048,94.75804502385554
14049,94.75804502385554
14050,94.75804502385554
14051,94.75804502385554
14052,94.75804502385554
14053,94.75804502385554
14054,94.75804502385554
14055,94.75804502385554
14056,94.75804502385554
14057,94.75804502385554
14058,94.75804502385554
14059,94.75804502385554
14060,94.75804502385554
14061,94.75804502385554
14062,94.75804502385554
14063,94.75804502385554
14064,94.75804502385554
14065,94.75804502385554
14066,94.75804502385554
14067,94.75804502385554
14068,94.75804502385554
14069,94.75804502385554
14070,94.75804502385554
14071,94.75804502385554
14072,94.75804502385554
14073,94.75804502385554
14074,94.75804502385554
14075,94.75804502385554
14076,94.75804502385554
14077,94.75804502385554
14078,94.75804502385554
15001,0
15002,0
15003,0
15004,0
15005,0
15006,0
15007,0
15008,0
15009,0
15010,0
15011,0
15012,0
15013,0
15014,0
15015,0
15016,0
15017,0
15018,0
15019,0
15020,0
15021,0
15022,0
15023,0
15024,0
15025,0
15026,0
15027,0
15028,0
15029,0
15030,0
15031,0
15032,0
15033,0
15034,0
15035,0
15036,0
15037,0
15038,0
15039,0
15040,0
15041,0
15042,0
15043,0
15044,0
15045,0
15046,0
15047,0
15048,0
15049,0
15050,0
15051,0
15052,0
15053,0
15054,0
15055,0
15056,0
15057,0
15058,0
15059,0
15060,0
15061,0
15062,0
15063,0
15064,0
15065,0
15066,0
15067,0
15068,0
15069,0
15070,0
15071,0
15072,0
15073,0
15074,0
15075,0
15076,0
15077,0
15078,0
15079,0
15080,0
15081,0
15082,0
15083,0
15084,0
15085,0
15086,0
15087,0
15088,0
15089,0
15090,0
15091,0
15092,0
15093,0
15094,0
15095,0
15096,0
15097,0
15098,0
15099,0
15100,0
15101,0
15102,0
15103,0
15104,0
15105,0
15106,0
15107,0
15108,0
15109,0
15110,0
15111,0
15112,0
15113,0
15114,0
15115,0
15116,0
15117,0
15118,0
15119,0
15120,0
15121,0
15122,0
15123,0
15124,0
15125,0
15126,0
15127,0
15128,0
15129,0
15130,0
15131,0
15132,0
15133,0
15134,0
15135,0
15136,0
15137,0
15138,0
15139,0
15140,0
15141,0
15142,0
15143,0
15144,0
15145,0
15146,0
15147,0
15148,0
15149,0
15150,0
15151,0
15152,0
15153,0
15154,0
15155,0
15156,0
15157,0
15158,0
15159,0
15160,0
15161,0
15162,0
15163,0
15164,0
15165,0
15166,0
15167,0
15168,0
15169,0
15170,0
15171,0
15172,0
15173,0
15174,0
15175,0
15176,0
15177,0
15178,0
15179,0
15180,0
15181,0
15182,0
15183,0
15184,0
15185,0
15186,0
15187,0
15188,0
15189,0
15190,0
15191,0
15192,0
15193,0
15194,0
15195,0
15196,0
15197,0
15198,0
15199,0
15200,0
15201,0
15202,0
15203,0
15204,0
15205,0
15206,0
15207,0
15208,0
15209,0
15210,0
15211,0
15212,0
15213,0
15214,0
15215,0
15216,0
15217,0
15218,0
15219,0
15220,0
15221,0
15222,0
15223,0
15224,0
15225,0
15226,0
15227,0
15228,0
15229,0
15230,0
15231,0
15232,0
15233,0
15234,0
15235,0
15236,0
15237,0
15238,0
15239,0
16010,45.21627578149725
16011,45.21627578149725
16012,45.21627578149725
16013,45.21627578149725
16014,45.21627578149725
16015,45.21627578149725
16016,45.21627578149725
16017,45.21627578149725
16018,45.21627578149725
16019,45.21627578149725
16020,45.21627578149725
16021,45.21627578149725
16022,45.21627578149725
16023,45.21627578149725
16024,45.21627578149725
16025,45.21627578149725
16026,45.21627578149725
16027,45.21627578149725
16028,45.21627578149725
16029,45.21627578149725
16030,45.21627578149725
16092,45.21627578149725
16093,45.21627578149725
16094,45.21627578149725
16095,45.21627578149725
16096,45.21627578149725
16097,45.21627578149725
16098,45.21627578149725
16099,45.21627578149725
16100,45.21627578149725
16101,45.21627578149725
16102,45.21627578149725
16103,45.21627578149725
16104,45.21627578149725
16105,45.21627578149725
16106,45.21627578149725
16107,45.21627578149725
16108,45.21627578149725
16109,45.21627578149725
16110,45.21627578149725
16111,45.21627578149725
16175,45.21627578149725
16176,45.21627578149725
16177,45.21627578149725
16178,45.21627578149725
16179,45.21627578149725
16180,45.21627578149725
16182,45.21627578149725
16183,45.21627578149725
16184,45.21627578149725
16185,45.21627578149725
16186,45.21627578149725
16187,45.21627578149725
16188,45.21627578149725
16189,45.21627578149725
16190,45.21627578149725
16191,45.21627578149725
16192,45.21627578149725
16193,45.21627578149725
16194,45.21627578149725
16195,45.21627578149725
40037,101.63574126198984
40038,101.63574126198984
40039,101.63574126198984
40040,101.63574126198984
40041,101.63574126198984
40042,101.63574126198984
40043,101.63574126198984
40044,101.63574126198984
40045,101.63574126198984
40046,101.63574126198984
40048,101.63574126198984
40049,101.63574126198984
40050,101.63574126198984
40051,101.63574126198984
58116,0
58117,0
58118,0
58119,0
59001,23.894686762275356
59002,23.894686762275356
59003,23.894686762275356
59004,23.894686762275356
59005,23.894686762275356
59006,23.894686762275356
59007,23.894686762275356
59008,23.894686762275356
59009,23.894686762275356
59010,23.894686762275356
59011,23.894686762275356
59012,23.894686762275356
59013,23.894686762275356
59014,23.894686762275356
59015,23.894686762275356
59016,23.894686762275356
59017,23.894686762275356
59018,23.894686762275356
59019,23.894686762275356
60030,11.662775334163724
60031,11.662775334163724
60032,11.662775334163724
60033,11.662775334163724
60034,11.662775334163724
60035,11.662775334163724
60036,11.662775334163724
60037,11.662775334163724
60038,11.662775334163724
60039,11.662775334163724
60040,11.662775334163724
60041,11.662775334163724
60042,11.662775334163724
60043,11.662775334163724
60044,11.662775334163724
60045,11.662775334163724
60046,11.662775334163724
60047,11.662775334163724
60048,11.662775334163724
60049,11.662775334163724
60050,11.662775334163724
60051,11.662775334163724
15240,0
15241,0
15242,0
15243,0
15244,0
15245,0
15246,0
15247,0
15248,0
15249,0
16001,45.21627578149725
16002,45.21627578149725
16003,45.21627578149725
16004,45.21627578149725
16005,45.21627578149725
16006,45.21627578149725
16007,45.21627578149725
16008,45.21627578149725
16009,45.21627578149725
16031,45.21627578149725
16032,45.21627578149725
16033,45.21627578149725
16034,45.21627578149725
16035,45.21627578149725
16036,45.21627578149725
16037,45.21627578149725
16038,45.21627578149725
16039,45.21627578149725
16040,45.21627578149725
16041,45.21627578149725
16042,45.21627578149725
16043,45.21627578149725
16044,45.21627578149725
16045,45.21627578149725
16046,45.21627578149725
16047,45.21627578149725
16048,45.21627578149725
16049,45.21627578149725
16050,45.21627578149725
16051,45.21627578149725
16052,45.21627578149725
16053,45.21627578149725
16054,45.21627578149725
16055,45.21627578149725
16056,45.21627578149725
16057,45.21627578149725
16058,45.21627578149725
16059,45.21627578149725
16060,45.21627578149725
16061,45.21627578149725
16062,45.21627578149725
16063,45.21627578149725
16064,45.21627578149725
16065,45.21627578149725
16066,45.21627578149725
16067,45.21627578149725
16068,45.21627578149725
16069,45.21627578149725
16070,45.21627578149725
16071,45.21627578149725
16072,45.21627578149725
16073,45.21627578149725
16074,45.21627578149725
16075,45.21627578149725
16076,45.21627578149725
16077,45.21627578149725
16078,45.21627578149725
16079,45.21627578149725
16080,45.21627578149725
16081,45.21627578149725
16082,45.21627578149725
16084,45.21627578149725
16085,45.21627578149725
16086,45.21627578149725
16087,45.21627578149725
16088,45.21627578149725
16089,45.21627578149725
16090,45.21627578149725
16091,45.21627578149725
16112,45.21627578149725
16113,45.21627578149725
16114,45.21627578149725
16115,45.21627578149725
16116,45.21627578149725
16117,45.21627578149725
16118,45.21627578149725
16119,45.21627578149725
16120,45.21627578149725
16121,45.21627578149725
16122,45.21627578149725
16123,45.21627578149725
16124,45.21627578149725
16125,45.21627578149725
16126,45.21627578149725
16127,45.21627578149725
16128,45.21627578149725
16129,45.21627578149725
16130,45.21627578149725
16131,45.21627578149725
16132,45.21627578149725
16133,45.21627578149725
16134,45.21627578149725
16135,45.21627578149725
16136,45.21627578149725
16137,45.21627578149725
16138,45.21627578149725
16139,45.21627578149725
16140,45.21627578149725
16141,45.21627578149725
16142,45.21627578149725
16143,45.21627578149725
16144,45.21627578149725
16145,45.21627578149725
16146,45.21627578149725
16147,45.21627578149725
16148,45.21627578149725
16149,45.21627578149725
16150,45.21627578149725
16151,45.21627578149725
16152,45.21627578149725
16153,45.21627578149725
16154,45.21627578149725
16155,45.21627578149725
16156,45.21627578149725
16157,45.21627578149725
16158,45.21627578149725
16159,45.21627578149725
16160,45.21627578149725
16161,45.21627578149725
16162,45.21627578149725
16163,45.21627578149725
16164,45.21627578149725
16165,45.21627578149725
16166,45.21627578149725
16167,45.21627578149725
16168,45.21627578149725
16169,45.21627578149725
16170,45.21627578149725
16171,45.21627578149725
16172,45.21627578149725
16173,45.21627578149725
16174,45.21627578149725
16196,45.21627578149725
16197,45.21627578149725
16198,45.21627578149725
16199,45.21627578149725
16200,45.21627578149725
16201,45.21627578149725
16202,45.21627578149725
16203,45.21627578149725
16204,45.21627578149725
16205,45.21627578149725
16206,45.21627578149725
16207,45.21627578149725
16208,45.21627578149725
16209,45.21627578149725
16210,45.21627578149725
16211,45.21627578149725
16212,45.21627578149725
16213,45.21627578149725
16214,45.21627578149725
16215,45.21627578149725
16216,45.21627578149725
16217,45.21627578149725
16218,45.21627578149725
16219,45.21627578149725
16220,45.21627578149725
16221,45.21627578149725
16222,45.21627578149725
16223,45.21627578149725
16224,45.21627578149725
16225,45.21627578149725
16226,45.21627578149725
16227,45.21627578149725
16228,45.21627578149725
16229,45.21627578149725
16230,45.21627578149725
16231,45.21627578149725
16232,45.21627578149725
16233,45.21627578149725
16234,45.21627578149725
16235,45.21627578149725
16236,45.21627578149725
16237,45.21627578149725
16238,45.21627578149725
16239,45.21627578149725
16240,45.21627578149725
16241,45.21627578149725
16242,45.21627578149725
16243,45.21627578149725
16244,45.21627578149725
16245,45.21627578149725
16246,45.21627578149725
16247,45.21627578149725
16248,45.21627578149725
16249,45.21627578149725
16251,45.21627578149725
17001,66.56845675284299
17002,66.56845675284299
17003,66.56845675284299
17004,66.56845675284299
17005,66.56845675284299
17006,66.56845675284299
17007,66.56845675284299
17008,66.56845675284299
17009,66.56845675284299
17010,66.56845675284299
17011,66.56845675284299
17012,66.56845675284299
17013,66.56845675284299
17014,66.56845675284299
17015,66.56845675284299
17016,66.56845675284299
17017,66.56845675284299
17018,66.56845675284299
17019,66.56845675284299
17020,66.56845675284299
17021,66.56845675284299
17022,66.56845675284299
17023,66.56845675284299
17024,66.56845675284299
17025,66.56845675284299
17026,66.56845675284299
17027,66.56845675284299
17028,66.56845675284299
17029,66.56845675284299
17030,66.56845675284299
17031,66.56845675284299
17032,66.56845675284299
17033,66.56845675284299
17034,66.56845675284299
17035,66.56845675284299
17036,66.56845675284299
17037,66.56845675284299
17038,66.56845675284299
17039,66.56845675284299
17040,66.56845675284299
17041,66.56845675284299
17042,66.56845675284299
17043,66.56845675284299
17044,66.56845675284299
17045,66.56845675284299
17046,66.56845675284299
17047,66.56845675284299
17048,66.56845675284299
17049,66.56845675284299
17050,66.56845675284299
17051,66.56845675284299
17052,66.56845675284299
17053,66.56845675284299
17054,66.56845675284299
17055,66.56845675284299
17056,66.56845675284299
17057,66.56845675284299
17058,66.56845675284299
17059,66.56845675284299
17060,66.56845675284299
17061,66.56845675284299
17062,66.56845675284299
17063,66.56845675284299
17064,66.56845675284299
17065,66.56845675284299
17066,66.56845675284299
17067,66.56845675284299
17068,66.56845675284299
17069,66.56845675284299
17070,66.56845675284299
17071,66.56845675284299
17072,66.56845675284299
17073,66.56845675284299
17074,66.56845675284299
17075,66.56845675284299
17076,66.56845675284299
17077,66.56845675284299
17078,66.56845675284299
17079,66.56845675284299
17080,66.56845675284299
17081,66.56845675284299
17082,66.56845675284299
17083,66.56845675284299
17084,66.56845675284299
17085,66.56845675284299
17086,66.56845675284299
17087,66.56845675284299
17088,66.56845675284299
17089,66.56845675284299
17090,66.56845675284299
17091,66.56845675284299
17092,66.56845675284299
17093,66.56845675284299
17094,66.56845675284299
17095,66.56845675284299
17096,66.56845675284299
17097,66.56845675284299
17098,66.56845675284299
17099,66.56845675284299
17100,66.56845675284299
17101,66.56845675284299
17102,66.56845675284299
17103,66.56845675284299
17104,66.56845675284299
17105,66.56845675284299
17106,66.56845675284299
17107,66.56845675284299
17108,66.56845675284299
17109,66.56845675284299
17110,66.56845675284299
17111,66.56845675284299
17112,66.56845675284299
17113,66.56845675284299
17114,66.56845675284299
17115,66.56845675284299
17116,66.56845675284299
17117,66.56845675284299
17118,66.56845675284299
17119,66.56845675284299
17120,66.56845675284299
17121,66.56845675284299
17122,66.56845675284299
17123,66.56845675284299
17124,66.56845675284299
17125,66.56845675284299
17126,66.56845675284299
17127,66.56845675284299
17128,66.56845675284299
17129,66.56845675284299
17130,66.56845675284299
17131,66.56845675284299
17132,66.56845675284299
17133,66.56845675284299
17134,66.56845675284299
17135,66.56845675284299
17136,66.56845675284299
17137,66.56845675284299
17138,66.56845675284299
17139,66.56845675284299
17140,66.56845675284299
17141,66.56845675284299
17142,66.56845675284299
17143,66.56845675284299
17144,66.56845675284299
17145,66.56845675284299
17146,66.56845675284299
17147,66.56845675284299
17148,66.56845675284299
17149,66.56845675284299
17150,66.56845675284299
17151,66.56845675284299
17152,66.56845675284299
17153,66.56845675284299
17154,66.56845675284299
17155,66.56845675284299
17156,66.56845675284299
17157,66.56845675284299
17158,66.56845675284299
17159,66.56845675284299
17160,66.56845675284299
17161,66.56845675284299
17162,66.56845675284299
17163,66.56845675284299
17164,66.56845675284299
17165,66.56845675284299
17166,66.56845675284299
17167,66.56845675284299
17168,66.56845675284299
17169,66.56845675284299
17170,66.56845675284299
17171,66.56845675284299
17172,66.56845675284299
17173,66.56845675284299
17174,66.56845675284299
17175,66.56845675284299
17176,66.56845675284299
17177,66.56845675284299
17178,66.56845675284299
17179,66.56845675284299
17180,66.56845675284299
17181,66.56845675284299
17182,66.56845675284299
17183,66.56845675284299
17184,66.56845675284299
17185,66.56845675284299
17186,66.56845675284299
17187,66.56845675284299
17188,66.56845675284299
17189,66.56845675284299
17190,66.56845675284299
17191,66.56845675284299
17192,66.56845675284299
17193,66.56845675284299
17194,66.56845675284299
17195,66.56845675284299
17196,66.56845675284299
17197,66.56845675284299
17198,66.56845675284299
17199,66.56845675284299
17200,66.56845675284299
17201,66.56845675284299
17202,66.56845675284299
17203,66.56845675284299
17204,66.56845675284299
17205,66.56845675284299
17206,66.56845675284299
18001,7.550679115689616
18002,7.550679115689616
18003,7.550679115689616
18004,7.550679115689616
18005,7.550679115689616
18006,7.550679115689616
18007,7.550679115689616
18008,7.550679115689616
18009,7.550679115689616
18010,7.550679115689616
18011,7.550679115689616
18012,7.550679115689616
18013,7.550679115689616
18014,7.550679115689616
18015,7.550679115689616
18016,7.550679115689616
18017,7.550679115689616
18018,7.550679115689616
18019,7.550679115689616
18020,7.550679115689616
18021,7.550679115689616
18022,7.550679115689616
18023,7.550679115689616
18024,7.550679115689616
18025,7.550679115689616
18026,7.550679115689616
18027,7.550679115689616
18028,7.550679115689616
18029,7.550679115689616
18030,7.550679115689616
18031,7.550679115689616
18032,7.550679115689616
18033,7.550679115689616
18034,7.550679115689616
18035,7.550679115689616
18036,7.550679115689616
18037,7.550679115689616
18038,7.550679115689616
18039,7.550679115689616
18040,7.550679115689616
18041,7.550679115689616
18042,7.550679115689616
18043,7.550679115689616
18044,7.550679115689616
18045,7.550679115689616
18046,7.550679115689616
18047,7.550679115689616
18048,7.550679115689616
18049,7.550679115689616
18050,7.550679115689616
18051,7.550679115689616
18052,7.550679115689616
18053,7.550679115689616
18054,7.550679115689616
18055,7.550679115689616
18056,7.550679115689616
18057,7.550679115689616
18058,7.550679115689616
18059,7.550679115689616
18060,7.550679115689616
18061,7.550679115689616
18062,7.550679115689616
18063,7.550679115689616
18064,7.550679115689616
18065,7.550679115689616
18066,7.550679115689616
18067,7.550679115689616
18068,7.550679115689616
18069,7.550679115689616
18070,7.550679115689616
18071,7.550679115689616
18072,7.550679115689616
18073,7.550679115689616
18074,7.550679115689616
18075,7.550679115689616
18076,7.550679115689616
18077,7.550679115689616
18078,7.550679115689616
18079,7.550679115689616
18080,7.550679115689616
18081,7.550679115689616
18082,7.550679115689616
18083,7.550679115689616
18084,7.550679115689616
18085,7.550679115689616
18086,7.550679115689616
18087,7.550679115689616
18088,7.550679115689616
18089,7.550679115689616
18090,7.550679115689616
18091,7.550679115689616
18092,7.550679115689616
18093,7.550679115689616
18094,7.550679115689616
18095,7.550679115689616
18096,7.550679115689616
18097,7.550679115689616
18098,7.550679115689616
18099,7.550679115689616
18100,7.550679115689616
18101,7.550679115689616
18102,7.550679115689616
18103,7.550679115689616
18104,7.550679115689616
18105,7.550679115689616
18106,7.550679115689616
18107,7.550679115689616
18108,7.550679115689616
18109,7.550679115689616
18110,7.550679115689616
18111,7.550679115689616
18112,7.550679115689616
18113,7.550679115689616
18114,7.550679115689616
18115,7.550679115689616
18116,7.550679115689616
18117,7.550679115689616
18118,7.550679115689616
18119,7.550679115689616
18120,7.550679115689616
18121,7.550679115689616
18122,7.550679115689616
18123,7.550679115689616
18124,7.550679115689616
18125,7.550679115689616
18126,7.550679115689616
18127,7.550679115689616
18128,7.550679115689616
18129,7.550679115689616
18130,7.550679115689616
18131,7.550679115689616
18132,7.550679115689616
18133,7.550679115689616
18134,7.550679115689616
18135,7.550679115689616
18136,7.550679115689616
18137,7.550679115689616
18138,7.550679115689616
18139,7.550679115689616
18140,7.550679115689616
18141,7.550679115689616
18142,7.550679115689616
18143,7.550679115689616
18144,7.550679115689616
18145,7.550679115689616
18146,7.550679115689616
18147,7.550679115689616
18148,7.550679115689616
18149,7.550679115689616
18150,7.550679115689616
18151,7.550679115689616
18152,7.550679115689616
18153,7.550679115689616
18154,7.550679115689616
18155,7.550679115689616
18156,7.550679115689616
18157,7.550679115689616
18158,7.550679115689616
18159,7.550679115689616
18160,7.550679115689616
18161,7.550679115689616
18162,7.550679115689616
18163,7.550679115689616
18164,7.550679115689616
18165,7.550679115689616
18166,7.550679115689616
18167,7.550679115689616
18168,7.550679115689616
18169,7.550679115689616
18170,7.550679115689616
18171,7.550679115689616
18172,7.550679115689616
18173,7.550679115689616
18174,7.550679115689616
18175,7.550679115689616
18176,7.550679115689616
18177,7.550679115689616
18178,7.550679115689616
18179,7.550679115689616
18180,7.550679115689616
18181,7.550679115689616
18182,7.550679115689616
18183,7.550679115689616
18184,7.550679115689616
18185,7.550679115689616
18186,7.550679115689616
18187,7.550679115689616
18188,7.550679115689616
18189,7.550679115689616
18190,7.550679115689616
19001,71.22494395637578
19002,71.22494395637578
19003,71.22494395637578
19004,71.22494395637578
19005,71.22494395637578
19006,71.22494395637578
19007,71.22494395637578
19008,71.22494395637578
19009,71.22494395637578
19010,71.22494395637578
19011,71.22494395637578
19012,71.22494395637578
19013,71.22494395637578
19014,71.22494395637578
19015,71.22494395637578
19016,71.22494395637578
19017,71.22494395637578
19018,71.22494395637578
19019,71.22494395637578
19020,71.22494395637578
19021,71.22494395637578
19022,71.22494395637578
19023,71.22494395637578
19024,71.22494395637578
19025,71.22494395637578
19026,71.22494395637578
19027,71.22494395637578
19028,71.22494395637578
19029,71.22494395637578
19030,71.22494395637578
19031,71.22494395637578
19032,71.22494395637578
19033,71.22494395637578
19034,71.22494395637578
19035,71.22494395637578
19036,71.22494395637578
19037,71.22494395637578
19038,71.22494395637578
19039,71.22494395637578
19040,71.22494395637578
19041,71.22494395637578
19042,71.22494395637578
19043,71.22494395637578
19044,71.22494395637578
19045,71.22494395637578
19046,71.22494395637578
19047,71.22494395637578
19048,71.22494395637578
19049,71.22494395637578
19050,71.22494395637578
19051,71.22494395637578
19052,71.22494395637578
19053,71.22494395637578
19054,71.22494395637578
19055,71.22494395637578
19056,71.22494395637578
19057,71.22494395637578
19058,71.22494395637578
19059,71.22494395637578
19060,71.22494395637578
19061,71.22494395637578
19062,71.22494395637578
19063,71.22494395637578
19064,71.22494395637578
19065,71.22494395637578
19066,71.22494395637578
19067,71.22494395637578
19068,71.22494395637578
19069,71.22494395637578
19070,71.22494395637578
19071,71.22494395637578
19072,71.22494395637578
19073,71.22494395637578
19074,71.22494395637578
19075,71.22494395637578
19076,71.22494395637578
19077,71.22494395637578
19078,71.22494395637578
19079,71.22494395637578
19080,71.22494395637578
19081,71.22494395637578
19082,71.22494395637578
19083,71.22494395637578
19084,71.22494395637578
19085,71.22494395637578
19086,71.22494395637578
19087,71.22494395637578
19088,71.22494395637578
19089,71.22494395637578
19090,71.22494395637578
19091,71.22494395637578
19092,71.22494395637578
19093,71.22494395637578
19094,71.22494395637578
19095,71.22494395637578
19096,71.22494395637578
19097,71.22494395637578
19098,71.22494395637578
19099,71.22494395637578
19100,71.22494395637578
19101,71.22494395637578
19102,71.22494395637578
19103,71.22494395637578
19104,71.22494395637578
19105,71.22494395637578
19106,71.22494395637578
19107,71.22494395637578
19108,71.22494395637578
19109,71.22494395637578
19110,71.22494395637578
19111,71.22494395637578
19112,71.22494395637578
19113,71.22494395637578
19114,71.22494395637578
19115,71.22494395637578
20001,49.364654825153295
20002,49.364654825153295
20003,49.364654825153295
20004,49.364654825153295
20005,49.364654825153295
20006,49.364654825153295
20007,49.364654825153295
20008,49.364654825153295
20009,49.364654825153295
20010,49.364654825153295
20011,49.364654825153295
20012,49.364654825153295
20013,49.364654825153295
20014,49.364654825153295
20015,49.364654825153295
20016,49.364654825153295
20017,49.364654825153295
20018,49.364654825153295
20019,49.364654825153295
20020,49.364654825153295
20021,49.364654825153295
20022,49.364654825153295
20023,49.364654825153295
20024,49.364654825153295
20025,49.364654825153295
20026,49.364654825153295
20027,49.364654825153295
20028,49.364654825153295
20029,49.364654825153295
20030,49.364654825153295
20031,49.364654825153295
20032,49.364654825153295
20033,49.364654825153295
20034,49.364654825153295
20035,49.364654825153295
20036,49.364654825153295
20037,49.364654825153295
20059,49.364654825153295
20060,49.364654825153295
20061,49.364654825153295
20062,49.364654825153295
20063,49.364654825153295
20064,49.364654825153295
20065,49.364654825153295
20066,49.364654825153295
20067,49.364654825153295
20068,49.364654825153295
20069,49.364654825153295
20070,49.364654825153295
23032,129.966534208102
23051,129.966534208102
23054,129.966534208102
23084,129.966534208102
23088,129.966534208102
23094,129.966534208102
28012,109.03568580708101
28088,109.03568580708101
29003,84.4387950492412
29005,84.4387950492412
29007,84.4387950492412
29009,84.4387950492412
29010,84.4387950492412
29018,84.4387950492412
29021,84.4387950492412
29022,84.4387950492412
29023,84.4387950492412
29024,84.4387950492412
29025,84.4387950492412
29033,84.4387950492412
29036,84.4387950492412
29037,84.4387950492412
29038,84.4387950492412
29041,84.4387950492412
29043,84.4387950492412
29045,84.4387950492412
29049,84.4387950492412
29050,84.4387950492412
33001,0
33002,0
33003,0
33004,0
33005,0
33006,0
33007,0
33008,0
33009,0
33010,0
33011,0
33012,0
33013,0
33014,0
33015,0
33016,0
33017,0
33018,0
33019,0
33020,0
33021,0
33022,0
33023,0
33024,0
33025,0
33026,0
33027,0
33028,0
33029,0
33030,0
33031,0
33032,0
33033,0
33034,0
33035,0
33036,0
33037,0
33038,0
33039,0
33040,0
33041,0
33042,0
33043,0
33044,0
33045,0
33046,0
33047,0
33048,0
34001,0
34002,0
34003,0
34004,0
34005,0
34006,0
34007,0
34008,0
34009,0
34010,0
34011,0
34012,0
34013,0
34014,0
34015,0
34016,0
34017,0
34018,0
34019,0
34020,0
34021,0
34022,0
34023,0
34024,0
34025,0
34026,0
34027,0
34028,0
34029,0
34030,0
34031,0
34032,0
34033,0
34034,0
34035,0
34036,0
34037,0
34038,0
34039,0
34040,0
34041,0
34042,0
34043,0
34044,0
34045,0
34046,0
34048,0
35001,2.5082458109647123
35002,2.5082458109647123
35003,2.5082458109647123
35004,2.5082458109647123
35005,2.5082458109647123
35006,2.5082458109647123
35007,2.5082458109647123
35008,2.5082458109647123
35009,2.5082458109647123
35010,2.5082458109647123
35011,2.5082458109647123
35012,2.5082458109647123
35013,2.5082458109647123
35014,2.5082458109647123
35015,2.5082458109647123
35016,2.5082458109647123
35017,2.5082458109647123
35018,2.5082458109647123
35019,2.5082458109647123
35020,2.5082458109647123
35021,2.5082458109647123
35022,2.5082458109647123
35023,2.5082458109647123
35024,2.5082458109647123
35025,2.5082458109647123
35026,2.5082458109647123
35027,2.5082458109647123
35028,2.5082458109647123
35029,2.5082458109647123
35030,2.5082458109647123
35031,2.5082458109647123
35032,2.5082458109647123
35033,2.5082458109647123
35034,2.5082458109647123
35035,2.5082458109647123
35036,2.5082458109647123
35037,2.5082458109647123
35038,2.5082458109647123
35039,2.5082458109647123
35040,2.5082458109647123
35041,2.5082458109647123
35042,2.5082458109647123
35043,2.5082458109647123
35044,2.5082458109647123
35045,2.5082458109647123
36001,0
36002,0
36003,0
36004,0
36005,0
36006,0
36007,0
36008,0
36009,0
36010,0
36011,0
36012,0
36013,0
36014,0
36015,0
36016,0
36017,0
36018,0
36019,0
36020,0
36021,0
36022,0
36023,0
36024,0
36047,0
37001,0
37002,0
37003,0
37004,0
37005,0
37006,0
37007,0
37008,0
37009,0
37010,0
37011,0
37012,0
37013,0
37014,0
37015,0
37016,0
37017,0
37018,0
37019,0
37020,0
37021,0
37022,0
37023,0
37024,0
37025,0
37026,0
37027,0
37028,0
37029,0
37030,0
37031,0
37032,0
37033,0
37034,0
37035,0
37036,0
37037,0
37038,0
37039,0
37040,0
37041,0
37042,0
37043,0
37044,0
37045,0
37046,0
37047,0
37048,0
37049,0
37050,0
37051,0
37052,0
37053,0
37054,0
37055,0
37056,0
37057,0
37058,0
37059,0
37060,0
38001,43.736182246704175
38002,43.736182246704175
38003,43.736182246704175
38004,43.736182246704175
38005,43.736182246704175
38006,43.736182246704175
38007,43.736182246704175
38008,43.736182246704175
38009,43.736182246704175
38010,43.736182246704175
38011,43.736182246704175
38012,43.736182246704175
38013,43.736182246704175
38014,43.736182246704175
38015,43.736182246704175
38016,43.736182246704175
38017,43.736182246704175
38018,43.736182246704175
38019,43.736182246704175
38020,43.736182246704175
38021,43.736182246704175
38022,43.736182246704175
38023,43.736182246704175
38024,43.736182246704175
38025,43.736182246704175
38026,43.736182246704175
39001,68.66677748024946
39002,68.66677748024946
39003,68.66677748024946
39004,68.66677748024946
39005,68.66677748024946
39006,68.66677748024946
39007,68.66677748024946
39008,68.66677748024946
39009,68.66677748024946
39010,68.66677748024946
39011,68.66677748024946
39012,68.66677748024946
39013,68.66677748024946
39014,68.66677748024946
39015,68.66677748024946
39016,68.66677748024946
39017,68.66677748024946
39018,68.66677748024946
40001,101.63574126198984
40002,101.63574126198984
40003,101.63574126198984
40004,101.63574126198984
40005,101.63574126198984
40006,101.63574126198984
40007,101.63574126198984
40008,101.63574126198984
40009,101.63574126198984
40010,101.63574126198984
40011,101.63574126198984
40012,101.63574126198984
40013,101.63574126198984
40014,101.63574126198984
40015,101.63574126198984
40016,101.63574126198984
40017,101.63574126198984
40018,101.63574126198984
40019,101.63574126198984
40020,101.63574126198984
40021,101.63574126198984
40022,101.63574126198984
40023,101.63574126198984
40024,101.63574126198984
40025,101.63574126198984
40026,101.63574126198984
40027,101.63574126198984
40028,101.63574126198984
40029,101.63574126198984
40030,101.63574126198984
40031,101.63574126198984
40032,101.63574126198984
40033,101.63574126198984
40034,101.63574126198984
40035,101.63574126198984
40036,101.63574126198984
45001,86.81880389757454
45002,86.81880389757454
45003,86.81880389757454
45004,86.81880389757454
45005,86.81880389757454
45006,86.81880389757454
45007,86.81880389757454
45008,86.81880389757454
45009,86.81880389757454
45010,86.81880389757454
45011,86.81880389757454
45012,86.81880389757454
45013,86.81880389757454
45014,86.81880389757454
45015,86.81880389757454
45016,86.81880389757454
45017,86.81880389757454
46001,60.575184501768476
46002,60.575184501768476
46003,60.575184501768476
46004,60.575184501768476
46005,60.575184501768476
46006,60.575184501768476
46007,60.575184501768476
46008,60.575184501768476
46009,60.575184501768476
46010,60.575184501768476
46011,60.575184501768476
46012,60.575184501768476
46013,60.575184501768476
46014,60.575184501768476
46015,60.575184501768476
46016,60.575184501768476
46017,60.575184501768476
46018,60.575184501768476
46019,60.575184501768476
46020,60.575184501768476
46021,60.575184501768476
46022,60.575184501768476
46023,60.575184501768476
46024,60.575184501768476
46025,60.575184501768476
46026,60.575184501768476
46027,60.575184501768476
46028,60.575184501768476
46029,60.575184501768476
46030,60.575184501768476
46031,60.575184501768476
46032,60.575184501768476
46033,60.575184501768476
46034,60.575184501768476
46035,60.575184501768476
47001,68.33339937132438
47002,68.33339937132438
47003,68.33339937132438
47004,68.33339937132438
47005,68.33339937132438
47006,68.33339937132438
47007,68.33339937132438
47008,68.33339937132438
47009,68.33339937132438
47010,68.33339937132438
47011,68.33339937132438
47012,68.33339937132438
47013,68.33339937132438
47014,68.33339937132438
47015,68.33339937132438
47016,68.33339937132438
47017,68.33339937132438
47018,68.33339937132438
47019,68.33339937132438
47020,68.33339937132438
47021,68.33339937132438
47022,68.33339937132438
48001,0
48002,0
48003,0
48004,0
48005,0
48006,0
48007,0
48008,0
48009,0
48010,0
48011,0
48012,0
48013,0
48014,0
48015,0
48016,0
48017,0
48018,0
48019,0
48020,0
48021,0
48022,0
48023,0
48024,0
48025,0
48026,0
48027,0
48028,0
48029,0
48030,0
48031,0
48032,0
48033,0
48034,0
48035,0
48036,0
48037,0
48038,0
48039,0
48040,0
48041,0
48042,0
48043,0
48044,0
48045,0
48046,0
48047,0
48048,0
48049,0
48050,0
48051,0
49001,68.4369692398465
49002,68.4369692398465
49003,68.4369692398465
49004,68.4369692398465
49005,68.4369692398465
49006,68.4369692398465
49007,68.4369692398465
49008,68.4369692398465
49009,68.4369692398465
49010,68.4369692398465
49011,68.4369692398465
49012,68.4369692398465
49013,68.4369692398465
49014,68.4369692398465
49015,68.4369692398465
49016,68.4369692398465
49017,68.4369692398465
49018,68.4369692398465
49019,68.4369692398465
49020,68.4369692398465
50001,68.4369692398465
50002,68.4369692398465
50003,68.4369692398465
50004,68.4369692398465
50005,68.4369692398465
50006,68.4369692398465
50007,68.4369692398465
50008,68.4369692398465
50009,68.4369692398465
50010,68.4369692398465
50011,68.4369692398465
50012,68.4369692398465
50013,68.4369692398465
50014,68.4369692398465
50015,68.4369692398465
50016,68.4369692398465
50017,68.4369692398465
50018,68.4369692398465
50019,68.4369692398465
50020,68.4369692398465
50021,68.4369692398465
50022,68.4369692398465
50023,68.4369692398465
50024,68.4369692398465
50025,68.4369692398465
50026,68.4369692398465
50027,68.4369692398465
50028,68.4369692398465
50029,68.4369692398465
50030,68.4369692398465
50031,68.4369692398465
50032,68.4369692398465
50033,68.4369692398465
50034,68.4369692398465
50035,68.4369692398465
50036,68.4369692398465
50037,68.4369692398465
50038,68.4369692398465
50039,68.4369692398465
51001,30.87370886360363
51002,30.87370886360363
51003,30.87370886360363
51004,30.87370886360363
51005,30.87370886360363
51006,30.87370886360363
51007,30.87370886360363
51008,30.87370886360363
51009,30.87370886360363
51010,30.87370886360363
51011,30.87370886360363
51012,30.87370886360363
51013,30.87370886360363
51014,30.87370886360363
51015,30.87370886360363
51016,30.87370886360363
51017,30.87370886360363
51018,30.87370886360363
51019,30.87370886360363
51020,30.87370886360363
51021,30.87370886360363
51022,30.87370886360363
51023,30.87370886360363
51024,30.87370886360363
51025,30.87370886360363
51026,30.87370886360363
51027,30.87370886360363
51028,30.87370886360363
51029,30.87370886360363
51030,30.87370886360363
51031,30.87370886360363
51032,30.87370886360363
51033,30.87370886360363
51034,30.87370886360363
51035,30.87370886360363
51036,30.87370886360363
51037,30.87370886360363
51038,30.87370886360363
51039,30.87370886360363
52001,16.451424460779993
52002,16.451424460779993
52003,16.451424460779993
52004,16.451424460779993
52005,16.451424460779993
52006,16.451424460779993
52007,16.451424460779993
52008,16.451424460779993
52009,16.451424460779993
52010,16.451424460779993
52011,16.451424460779993
52012,16.451424460779993
52013,16.451424460779993
52014,16.451424460779993
52015,16.451424460779993
52016,16.451424460779993
52017,16.451424460779993
52018,16.451424460779993
52019,16.451424460779993
52020,16.451424460779993
52021,16.451424460779993
52022,16.451424460779993
52023,16.451424460779993
52024,16.451424460779993
52025,16.451424460779993
52026,16.451424460779993
52027,16.451424460779993
52028,16.451424460779993
52029,16.451424460779993
52030,16.451424460779993
52031,16.451424460779993
52032,16.451424460779993
52033,16.451424460779993
52034,16.451424460779993
52035,16.451424460779993
52036,16.451424460779993
53001,58.750631984033596
53002,58.750631984033596
53003,58.750631984033596
53004,58.750631984033596
53005,58.750631984033596
53006,58.750631984033596
53007,58.750631984033596
53008,58.750631984033596
53009,58.750631984033596
53010,58.750631984033596
53011,58.750631984033596
53012,58.750631984033596
53013,58.750631984033596
53014,58.750631984033596
53015,58.750631984033596
53016,58.750631984033596
53017,58.750631984033596
53018,58.750631984033596
53019,58.750631984033596
53020,58.750631984033596
53021,58.750631984033596
53022,58.750631984033596
53023,58.750631984033596
53024,58.750631984033596
53025,58.750631984033596
53026,58.750631984033596
53027,58.750631984033596
53028,58.750631984033596
54001,50.92779937912781
54002,50.92779937912781
54003,50.92779937912781
54004,50.92779937912781
54005,50.92779937912781
54006,50.92779937912781
54007,50.92779937912781
54008,50.92779937912781
54009,50.92779937912781
54010,50.92779937912781
54011,50.92779937912781
54012,50.92779937912781
54013,50.92779937912781
54014,50.92779937912781
54015,50.92779937912781
54016,50.92779937912781
54017,50.92779937912781
54018,50.92779937912781
54019,50.92779937912781
54020,50.92779937912781
54021,50.92779937912781
54022,50.92779937912781
54023,50.92779937912781
54024,50.92779937912781
54048,50.92779937912781
54049,50.92779937912781
54050,50.92779937912781
54051,50.92779937912781
54052,50.92779937912781
54053,50.92779937912781
54054,50.92779937912781
54055,50.92779937912781
54056,50.92779937912781
54057,50.92779937912781
54058,50.92779937912781
54059,50.92779937912781
55001,43.05834000138442
55002,43.05834000138442
55003,43.05834000138442
55004,43.05834000138442
55005,43.05834000138442
55006,43.05834000138442
55007,43.05834000138442
55008,43.05834000138442
55009,43.05834000138442
55010,43.05834000138442
55011,43.05834000138442
55012,43.05834000138442
55013,43.05834000138442
55014,43.05834000138442
55015,43.05834000138442
55016,43.05834000138442
55017,43.05834000138442
55018,43.05834000138442
55019,43.05834000138442
55020,43.05834000138442
55021,43.05834000138442
55022,43.05834000138442
55023,43.05834000138442
55024,43.05834000138442
55025,43.05834000138442
55026,43.05834000138442
55027,43.05834000138442
55028,43.05834000138442
55029,43.05834000138442
55030,43.05834000138442
55031,43.05834000138442
55032,43.05834000138442
55033,43.05834000138442
56001,3.6802299967812364
56002,3.6802299967812364
56003,3.6802299967812364
56004,3.6802299967812364
56005,3.6802299967812364
56006,3.6802299967812364
56007,3.6802299967812364
56008,3.6802299967812364
56009,3.6802299967812364
56010,3.6802299967812364
56011,3.6802299967812364
56012,3.6802299967812364
56013,3.6802299967812364
56014,3.6802299967812364
56015,3.6802299967812364
56016,3.6802299967812364
56017,3.6802299967812364
56018,3.6802299967812364
56019,3.6802299967812364
56020,3.6802299967812364
56021,3.6802299967812364
56022,3.6802299967812364
56023,3.6802299967812364
56024,3.6802299967812364
56025,3.6802299967812364
56026,3.6802299967812364
56027,3.6802299967812364
56028,3.6802299967812364
56029,3.6802299967812364
56030,3.6802299967812364
56031,3.6802299967812364
56032,3.6802299967812364
56033,3.6802299967812364
56034,3.6802299967812364
56035,3.6802299967812364
56036,3.6802299967812364
56037,3.6802299967812364
56038,3.6802299967812364
56039,3.6802299967812364
56040,3.6802299967812364
56041,3.6802299967812364
56042,3.6802299967812364
56043,3.6802299967812364
56044,3.6802299967812364
56045,3.6802299967812364
56046,3.6802299967812364
56047,3.6802299967812364
56048,3.6802299967812364
56049,3.6802299967812364
56050,3.6802299967812364
56051,3.6802299967812364
56052,3.6802299967812364
56053,3.6802299967812364
56054,3.6802299967812364
56055,3.6802299967812364
56056,3.6802299967812364
56057,3.6802299967812364
56058,3.6802299967812364
56059,3.6802299967812364
56060,3.6802299967812364
57001,51.00516546398095
57002,51.00516546398095
57003,51.00516546398095
57004,51.00516546398095
57005,51.00516546398095
57006,51.00516546398095
57007,51.00516546398095
57008,51.00516546398095
57009,51.00516546398095
57010,51.00516546398095
57011,51.00516546398095
57012,51.00516546398095
57013,51.00516546398095
57014,51.00516546398095
57015,51.00516546398095
57016,51.00516546398095
57017,51.00516546398095
57018,51.00516546398095
57019,51.00516546398095
57020,51.00516546398095
57021,51.00516546398095
57022,51.00516546398095
57023,51.00516546398095
57024,51.00516546398095
57025,51.00516546398095
57026,51.00516546398095
57027,51.00516546398095
57028,51.00516546398095
57029,51.00516546398095
57030,51.00516546398095
57031,51.00516546398095
57032,51.00516546398095
57033,51.00516546398095
57034,51.00516546398095
57035,51.00516546398095
57036,51.00516546398095
57037,51.00516546398095
57038,51.00516546398095
57039,51.00516546398095
57040,51.00516546398095
57041,51.00516546398095
57042,51.00516546398095
57043,51.00516546398095
57044,51.00516546398095
57045,51.00516546398095
57046,51.00516546398095
57047,51.00516546398095
57048,51.00516546398095
57049,51.00516546398095
57050,51.00516546398095
57051,51.00516546398095
57052,51.00516546398095
57053,51.00516546398095
57054,51.00516546398095
57055,51.00516546398095
57056,51.00516546398095
57057,51.00516546398095
57058,51.00516546398095
57059,51.00516546398095
57060,51.00516546398095
57061,51.00516546398095
57062,51.00516546398095
57063,51.00516546398095
57064,51.00516546398095
57065,51.00516546398095
57066,51.00516546398095
57067,51.00516546398095
57068,51.00516546398095
57069,51.00516546398095
57070,51.00516546398095
57071,51.00516546398095
57072,51.00516546398095
57073,51.00516546398095
58001,0
58002,0
58003,0
58004,0
58005,0
58006,0
58007,0
58008,0
58009,0
58010,0
58011,0
58012,0
58013,0
58014,0
58015,0
58016,0
58017,0
58018,0
58019,0
58020,0
58021,0
58022,0
58023,0
58024,0
58025,0
58026,0
58027,0
58028,0
58029,0
58030,0
58031,0
58032,0
58033,0
58034,0
58035,0
58036,0
58037,0
58038,0
58039,0
58040,0
58041,0
58042,0
58043,0
58044,0
58045,0
58046,0
58047,0
58048,0
58049,0
58050,0
58051,0
58052,0
58053,0
58054,0
58055,0
58056,0
58057,0
58058,0
58059,0
58060,0
58061,0
58062,0
58063,0
58064,0
58065,0
58066,0
58067,0
58068,0
58069,0
58070,0
58071,0
58072,0
58073,0
58074,0
58075,0
58076,0
58077,0
58078,0
58079,0
58080,0
58081,0
58082,0
58083,0
58084,0
58085,0
58086,0
58087,0
58088,0
58089,0
58090,0
58091,0
58092,0
58093,0
58094,0
58095,0
58096,0
58097,0
58098,0
58099,0
58100,0
58101,0
58102,0
58103,0
58104,0
58105,0
58106,0
58107,0
58108,0
58109,0
58110,0
58111,0
58112,0
58113,0
58114,0
58115,0
59020,23.894686762275356
59021,23.894686762275356
59022,23.894686762275356
59023,23.894686762275356
59024,23.894686762275356
59025,23.894686762275356
59026,23.894686762275356
59027,23.894686762275356
59028,23.894686762275356
59029,23.894686762275356
59030,23.894686762275356
59031,23.894686762275356
59032,23.894686762275356
59033,23.894686762275356
60001,11.662775334163724
60002,11.662775334163724
60003,11.662775334163724
60004,11.662775334163724
60005,11.662775334163724
60006,11.662775334163724
60007,11.662775334163724
60008,11.662775334163724
60009,11.662775334163724
60010,11.662775334163724
60011,11.662775334163724
60012,11.662775334163724
60013,11.662775334163724
60014,11.662775334163724
60015,11.662775334163724
60016,11.662775334163724
60017,11.662775334163724
60018,11.662775334163724
60019,11.662775334163724
60020,11.662775334163724
60021,11.662775334163724
60022,11.662775334163724
60023,11.662775334163724
60024,11.662775334163724
60025,11.662775334163724
60026,11.662775334163724
60027,11.662775334163724
60028,11.662775334163724
60029,11.662775334163724
60052,11.662775334163724
60053,11.662775334163724
60054,11.662775334163724
60055,11.662775334163724
60056,11.662775334163724
60057,11.662775334163724
60058,11.662775334163724
60059,11.662775334163724
60060,11.662775334163724
60061,11.662775334163724
60062,11.662775334163724
60063,11.662775334163724
60064,11.662775334163724
60065,11.662775334163724
60066,11.662775334163724
60067,11.662775334163724
60068,11.662775334163724
60069,11.662775334163724
60070,11.662775334163724
60071,11.662775334163724
60072,11.662775334163724
60073,11.662775334163724
60074,11.662775334163724
60075,11.662775334163724
60076,11.662775334163724
60077,11.662775334163724
60078,11.662775334163724
60079,11.662775334163724
60080,11.662775334163724
60081,11.662775334163724
60082,11.662775334163724
60083,11.662775334163724
60084,11.662775334163724
60085,11.662775334163724
60086,11.662775334163724
60087,11.662775334163724
60088,11.662775334163724
60089,11.662775334163724
60090,11.662775334163724
60091,11.662775334163724
61001,0
61002,0
61003,0
61004,0
61005,0
61006,0
61007,0
61008,0
61009,0
61010,0
61011,0
61012,0
61013,0
61014,0
61015,0
61016,0
61017,0
61018,0
61019,0
61020,0
61021,0
61022,0
61023,0
61024,0
61025,0
61026,0
61027,0
61028,0
61029,0
61030,0
61031,0
61032,0
61033,0
61034,0
61035,0
61036,0
61037,0
61038,0
61039,0
61040,0
61041,0
61042,0
61043,0
61044,0
61045,0
61046,0
61047,0
61048,0
61049,0
61050,0
61051,0
61052,0
61053,0
61054,0
61055,0
61056,0
61057,0
61058,0
61059,0
61060,0
61061,0
61062,0
61063,0
61064,0
61065,0
61066,0
61067,0
61068,0
61069,0
61070,0
61071,0
61072,0
61073,0
61074,0
61075,0
61076,0
61077,0
61078,0
61079,0
61080,0
61081,0
61082,0
61083,0
61084,0
61085,0
61086,0
61087,0
61088,0
61089,0
61090,0
61091,0
61092,0
61093,0
61094,0
61095,0
61096,0
61097,0
61098,0
61099,0
62018,38.06655181090815
62019,38.06655181090815
62020,38.06655181090815
62021,38.06655181090815
62022,38.06655181090815
62023,38.06655181090815
62024,38.06655181090815
62025,38.06655181090815
62026,38.06655181090815
62027,38.06655181090815
62028,38.06655181090815
62029,38.06655181090815
62030,38.06655181090815
62031,38.06655181090815
62032,38.06655181090815
62033,38.06655181090815
62034,38.06655181090815
62035,38.06655181090815
62036,38.06655181090815
62037,38.06655181090815
62038,38.06655181090815
62039,38.06655181090815
62040,38.06655181090815
62041,38.06655181090815
62042,38.06655181090815
62043,38.06655181090815
62044,38.06655181090815
62045,38.06655181090815
62046,38.06655181090815
62047,38.06655181090815
62048,38.06655181090815
62049,38.06655181090815
62050,38.06655181090815
62051,38.06655181090815
62052,38.06655181090815
62053,38.06655181090815
62054,38.06655181090815
62055,38.06655181090815
62056,38.06655181090815
62057,38.06655181090815
62058,38.06655181090815
62059,38.06655181090815
62060,38.06655181090815
62061,38.06655181090815
62062,38.06655181090815
62063,38.06655181090815
62064,38.06655181090815
62065,38.06655181090815
62066,38.06655181090815
62067,38.06655181090815
62068,38.06655181090815
62069,38.06655181090815
62070,38.06655181090815
62071,38.06655181090815
62072,38.06655181090815
62073,38.06655181090815
62074,38.06655181090815
62075,38.06655181090815
62076,38.06655181090815
62077,38.06655181090815
62078,38.06655181090815
63001,0
63002,0
63003,0
63004,0
63005,0
63006,0
63007,0
63008,0
63009,0
63010,0
63011,0
63012,0
63013,0
63014,0
63015,0
63016,0
63017,0
63018,0
63019,0
63020,0
63021,0
63022,0
63023,0
63024,0
63025,0
63026,0
63027,0
63028,0
63029,0
63030,0
63031,0
63032,0
63033,0
63034,0
63035,0
63036,0
63037,0
63038,0
63039,0
63040,0
63041,0
63042,0
63043,0
63044,0
63045,0
63046,0
63047,0
63048,0
63049,0
63050,0
63051,0
63052,0
63053,0
63054,0
63055,0
63056,0
63057,0
63058,0
63059,0
63060,0
63061,0
63062,0
63063,0
63064,0
63065,0
63066,0
63067,0
63068,0
63069,0
63070,0
63071,0
63072,0
63073,0
63074,0
63075,0
63076,0
63077,0
63078,0
63079,0
63080,0
63081,0
63082,0
63083,0
63084,0
63085,0
63086,0
63087,0
63088,0
63089,0
63090,0
63091,0
63092,0
64001,129.10813160374235
64002,129.10813160374235
64003,129.10813160374235
64004,129.10813160374235
64005,129.10813160374235
64006,129.10813160374235
64007,129.10813160374235
64008,129.10813160374235
64009,129.10813160374235
64010,129.10813160374235
64011,129.10813160374235
64012,129.10813160374235
64013,129.10813160374235
64014,129.10813160374235
64015,129.10813160374235
64016,129.10813160374235
64017,129.10813160374235
64018,129.10813160374235
64019,129.10813160374235
64020,129.10813160374235
64021,129.10813160374235
64022,129.10813160374235
64023,129.10813160374235
64024,129.10813160374235
64025,129.10813160374235
64026,129.10813160374235
64027,129.10813160374235
64028,129.10813160374235
64029,129.10813160374235
64030,129.10813160374235
64031,129.10813160374235
64032,129.10813160374235
64033,129.10813160374235
64034,129.10813160374235
64035,129.10813160374235
64036,129.10813160374235
64037,129.10813160374235
64038,129.10813160374235
64039,129.10813160374235
64040,129.10813160374235
64041,129.10813160374235
64042,129.10813160374235
64043,129.10813160374235
64044,129.10813160374235
64045,129.10813160374235
64046,129.10813160374235
64047,129.10813160374235
64048,129.10813160374235
64049,129.10813160374235
64050,129.10813160374235
64051,129.10813160374235
64052,129.10813160374235
64053,129.10813160374235
64054,129.10813160374235
64055,129.10813160374235
64056,129.10813160374235
64057,129.10813160374235
64058,129.10813160374235
64059,129.10813160374235
64060,129.10813160374235
64061,129.10813160374235
64062,129.10813160374235
64063,129.10813160374235
64064,129.10813160374235
64065,129.10813160374235
64066,129.10813160374235
64067,129.10813160374235
64068,129.10813160374235
64069,129.10813160374235
64070,129.10813160374235
64071,129.10813160374235
64072,129.10813160374235
64073,129.10813160374235
64074,129.10813160374235
64075,129.10813160374235
64076,129.10813160374235
64077,129.10813160374235
64078,129.10813160374235
64079,129.10813160374235
64080,129.10813160374235
64081,129.10813160374235
64082,129.10813160374235
64083,129.10813160374235
64084,129.10813160374235
64085,129.10813160374235
64086,129.10813160374235
64087,129.10813160374235
64088,129.10813160374235
64089,129.10813160374235
64090,129.10813160374235
64091,129.10813160374235
64092,129.10813160374235
64093,129.10813160374235
64095,129.10813160374235
64096,129.10813160374235
64097,129.10813160374235
64098,129.10813160374235
64099,129.10813160374235
64100,129.10813160374235
64101,129.10813160374235
64102,129.10813160374235
64103,129.10813160374235
64104,129.10813160374235
64105,129.10813160374235
64106,129.10813160374235
64107,129.10813160374235
64108,129.10813160374235
64109,129.10813160374235
64110,129.10813160374235
64111,129.10813160374235
64112,129.10813160374235
64113,129.10813160374235
64114,129.10813160374235
64115,129.10813160374235
64116,129.10813160374235
64117,129.10813160374235
64118,129.10813160374235
64119,129.10813160374235
64120,129.10813160374235
65001,45.84705980310237
65002,45.84705980310237
65003,45.84705980310237
65004,45.84705980310237
65005,45.84705980310237
65006,45.84705980310237
65007,45.84705980310237
65008,45.84705980310237
65009,45.84705980310237
65010,45.84705980310237
65011,45.84705980310237
65012,45.84705980310237
65013,45.84705980310237
65014,45.84705980310237
65015,45.84705980310237
65016,45.84705980310237
65017,45.84705980310237
65018,45.84705980310237
65019,45.84705980310237
65020,45.84705980310237
65021,45.84705980310237
65022,45.84705980310237
65023,45.84705980310237
65024,45.84705980310237
65025,45.84705980310237
65026,45.84705980310237
65027,45.84705980310237
65028,45.84705980310237
65029,45.84705980310237
65030,45.84705980310237
65031,45.84705980310237
65032,45.84705980310237
65033,45.84705980310237
65034,45.84705980310237
65035,45.84705980310237
65036,45.84705980310237
65037,45.84705980310237
65038,45.84705980310237
65039,45.84705980310237
65040,45.84705980310237
65041,45.84705980310237
65042,45.84705980310237
65043,45.84705980310237
65044,45.84705980310237
65045,45.84705980310237
65046,45.84705980310237
65047,45.84705980310237
65048,45.84705980310237
65049,45.84705980310237
65050,45.84705980310237
65051,45.84705980310237
65052,45.84705980310237
65053,45.84705980310237
65054,45.84705980310237
65055,45.84705980310237
65056,45.84705980310237
65057,45.84705980310237
65058,45.84705980310237
65059,45.84705980310237
65060,45.84705980310237
65061,45.84705980310237
65062,45.84705980310237
65063,45.84705980310237
65064,45.84705980310237
65065,45.84705980310237
65066,45.84705980310237
65067,45.84705980310237
65068,45.84705980310237
65069,45.84705980310237
65070,45.84705980310237
65071,45.84705980310237
65072,45.84705980310237
65073,45.84705980310237
65074,45.84705980310237
65075,45.84705980310237
65076,45.84705980310237
65077,45.84705980310237
65078,45.84705980310237
65079,45.84705980310237
65080,45.84705980310237
65081,45.84705980310237
65082,45.84705980310237
65083,45.84705980310237
65084,45.84705980310237
65085,45.84705980310237
65086,45.84705980310237
65087,45.84705980310237
65088,45.84705980310237
65089,45.84705980310237
65090,45.84705980310237
65091,45.84705980310237
65092,45.84705980310237
65093,45.84705980310237
65094,45.84705980310237
65095,45.84705980310237
65096,45.84705980310237
65097,45.84705980310237
65098,45.84705980310237
65099,45.84705980310237
65100,45.84705980310237
65101,45.84705980310237
65102,45.84705980310237
65103,45.84705980310237
65104,45.84705980310237
65105,45.84705980310237
65106,45.84705980310237
65107,45.84705980310237
65108,45.84705980310237
65109,45.84705980310237
65110,45.84705980310237
65111,45.84705980310237
65112,45.84705980310237
65113,45.84705980310237
65114,45.84705980310237
65115,45.84705980310237
65116,45.84705980310237
65117,45.84705980310237
65118,45.84705980310237
65119,45.84705980310237
65120,45.84705980310237
65121,45.84705980310237
65122,45.84705980310237
65123,45.84705980310237
65124,45.84705980310237
65125,45.84705980310237
65126,45.84705980310237
65127,45.84705980310237
65128,45.84705980310237
65129,45.84705980310237
65130,45.84705980310237
65131,45.84705980310237
65132,45.84705980310237
65133,45.84705980310237
65134,45.84705980310237
65135,45.84705980310237
65136,45.84705980310237
65137,45.84705980310237
65138,45.84705980310237
65139,45.84705980310237
65140,45.84705980310237
65141,45.84705980310237
65142,45.84705980310237
65143,45.84705980310237
65144,45.84705980310237
65145,45.84705980310237
65146,45.84705980310237
65147,45.84705980310237
65148,45.84705980310237
65149,45.84705980310237
65150,45.84705980310237
65151,45.84705980310237
65152,45.84705980310237
65153,45.84705980310237
65154,45.84705980310237
65155,45.84705980310237
65156,45.84705980310237
65157,45.84705980310237
65158,45.84705980310237
